"id","type_invoice","id_ref","status","datetime_trans","description"
3078,2,eef3ed24-f9f1-40c0-b2c8-a76b96170fbd,8,"2021-12-23 14:45:30",Thông báo dữ liệu hóa đơn hợp lệ
3898,2,"93a1556e-4507-460c-974e-4a8b14690c6c",8,"2021-12-23 14:47:01",Thông báo dữ liệu hóa đơn hợp lệ
3900,2,"47b1f14c-9b6c-4f3e-96cb-a13642fa65ab",8,"2021-12-23 14:47:01",Thông báo dữ liệu hóa đơn hợp lệ
3902,2,d7eb1042-0421-409a-ad06-0993505ee8dc,8,"2021-12-23 14:47:01",Thông báo dữ liệu hóa đơn hợp lệ
3904,2,"2c9549df-8a30-4793-9472-b7c470729937",8,"2021-12-23 14:47:01",Thông báo dữ liệu hóa đơn hợp lệ
3906,2,"58b96361-a909-4dd6-a988-0d295ef4cd30",8,"2021-12-23 14:47:01",Thông báo dữ liệu hóa đơn hợp lệ
3908,2,cd2a5977-f12f-44db-afbf-5a5f5960e122,8,"2021-12-23 14:47:01",Thông báo dữ liệu hóa đơn hợp lệ
3910,2,"835e663e-9fbf-4bd4-b6f2-18f0d32f4563",8,"2021-12-23 14:47:01",Thông báo dữ liệu hóa đơn hợp lệ
3911,2,"369c35a0-21e2-4990-946b-01447118a1a1",8,"2021-12-23 14:47:01",Thông báo dữ liệu hóa đơn hợp lệ
3913,2,"29b51436-2f64-40c5-b672-907d5b1a9808",8,"2021-12-23 14:47:02",Thông báo dữ liệu hóa đơn hợp lệ
3982,2,"1ae05b77-eabb-4101-9618-dedb91e6badb",8,"2021-12-23 14:47:02",Thông báo dữ liệu hóa đơn hợp lệ
3983,2,"6ef18dce-1f89-47f8-ba51-1d372986acfa",8,"2021-12-23 14:47:02",Thông báo dữ liệu hóa đơn hợp lệ
3985,2,"600ba690-def2-4953-9c74-a4e445f2b9e3",8,"2021-12-23 14:47:02",Thông báo dữ liệu hóa đơn hợp lệ
3987,2,e4d07d5f-7f92-4666-aae2-ce03559a12b1,8,"2021-12-23 14:47:02",Thông báo dữ liệu hóa đơn hợp lệ
3989,2,e7ca07dd-87d6-4466-a5cd-ec9455852995,8,"2021-12-23 14:47:02",Thông báo dữ liệu hóa đơn hợp lệ
3991,2,"07018765-bcf6-4553-994f-a06d3cbe80a6",8,"2021-12-23 14:47:02",Thông báo dữ liệu hóa đơn hợp lệ
3993,2,e6aa76da-748e-4ed1-a208-ccafcd67d32c,8,"2021-12-23 14:47:02",Thông báo dữ liệu hóa đơn hợp lệ
3994,2,"5b8f39f6-df98-439a-91a5-8bf86df57a25",8,"2021-12-23 14:47:03",Thông báo dữ liệu hóa đơn hợp lệ
3998,2,"7c3d1902-9513-4ba8-b835-7a6b9ac6f66d",8,"2021-12-23 14:47:30",Thông báo dữ liệu hóa đơn hợp lệ
4012,2,"51d353f2-b6bf-442d-b454-316994e0bca0",8,"2021-12-23 14:47:30",Thông báo dữ liệu hóa đơn hợp lệ
4013,2,"1f49b572-ac61-42a1-8695-4bf9204a32bf",8,"2021-12-23 14:47:30",Thông báo dữ liệu hóa đơn hợp lệ
4014,2,"24c03edd-d1bc-44b3-80e3-98d24749aec2",8,"2021-12-23 14:47:31",Thông báo dữ liệu hóa đơn hợp lệ
4015,2,"97deae16-b7b3-445f-a202-1431d15866b6",8,"2021-12-23 14:47:31",Thông báo dữ liệu hóa đơn hợp lệ
4016,2,"27d85693-ff68-41ae-95b5-277576c99d42",8,"2021-12-23 14:47:31",Thông báo dữ liệu hóa đơn hợp lệ
4017,2,"0ecb7c67-d6de-441c-9106-cf52619b7067",8,"2021-12-23 14:47:31",Thông báo dữ liệu hóa đơn hợp lệ
4018,2,e82ab10e-3f04-4d35-945a-f85f33a80900,8,"2021-12-23 14:47:31",Thông báo dữ liệu hóa đơn hợp lệ
4019,2,ca729428-dbbe-4e20-a67b-3a433e726f14,8,"2021-12-23 14:47:31",Thông báo dữ liệu hóa đơn hợp lệ
4020,2,"7ebfe675-1829-4cbb-8875-4dd21fb7d4b9",8,"2021-12-23 14:47:31",Thông báo dữ liệu hóa đơn hợp lệ
4021,2,"6df5add9-82b6-4e25-b9bd-6eea743358bc",8,"2021-12-23 14:47:31",Thông báo dữ liệu hóa đơn hợp lệ
4022,2,a8fb05d6-d7b5-45d6-a01b-54ff6c1e9bc9,8,"2021-12-23 14:47:31",Thông báo dữ liệu hóa đơn hợp lệ
4024,2,"43d99d4c-90db-4ff5-bcf6-84bfc7c24481",8,"2021-12-23 14:47:31",Thông báo dữ liệu hóa đơn hợp lệ
4026,2,"9be3341f-9830-48b1-8fe8-b469f8360438",8,"2021-12-23 14:47:32",Thông báo dữ liệu hóa đơn hợp lệ
4028,2,"60a99d68-c1ea-4049-96e0-10d4d01e4a7d",8,"2021-12-23 14:47:32",Thông báo dữ liệu hóa đơn hợp lệ
4030,2,cfdf8c98-d0a4-414d-b85e-45547703e8b4,8,"2021-12-23 14:47:32",Thông báo dữ liệu hóa đơn hợp lệ
4032,2,"51f3c0fa-e6bd-494b-b890-26c031bc4c20",8,"2021-12-23 14:47:32",Thông báo dữ liệu hóa đơn hợp lệ
4034,2,a8a68dc7-bad0-4896-8630-68ba4d07ccb5,8,"2021-12-23 14:47:32",Thông báo dữ liệu hóa đơn hợp lệ
4036,2,"85f71f6e-d1bc-4b30-baee-3ff0ac07bc4f",8,"2021-12-23 14:47:32",Thông báo dữ liệu hóa đơn hợp lệ
4038,2,"2a10600b-3026-4d07-b00e-27001223967a",8,"2021-12-23 14:47:32",Thông báo dữ liệu hóa đơn hợp lệ
4049,2,"469691ce-126e-46e7-949f-0a158052b279",8,"2021-12-23 14:48:00",Thông báo dữ liệu hóa đơn hợp lệ
4050,2,"9a6d10fc-91b4-4d29-aa17-8c39d8f2fd46",8,"2021-12-23 14:48:00",Thông báo dữ liệu hóa đơn hợp lệ
4051,2,b54f3cea-dfce-4d39-bad8-6f144f630ad2,8,"2021-12-23 14:48:00",Thông báo dữ liệu hóa đơn hợp lệ
4052,2,b1116929-c6e2-415c-8ed4-e63026c705cf,8,"2021-12-23 14:48:00",Thông báo dữ liệu hóa đơn hợp lệ
4053,2,ded25821-5112-4726-9b8c-ea148a2db49f,8,"2021-12-23 14:48:01",Thông báo dữ liệu hóa đơn hợp lệ
4054,2,e7ec9404-4710-4508-accb-1c1aa01feee1,8,"2021-12-23 14:48:01",Thông báo dữ liệu hóa đơn hợp lệ
4055,2,"0bd1a68e-cbed-4989-aa52-37f2f323314a",8,"2021-12-23 14:48:01",Thông báo dữ liệu hóa đơn hợp lệ
4056,2,de639163-72a1-42bb-8ab8-7977f9c8d780,8,"2021-12-23 14:48:01",Thông báo dữ liệu hóa đơn hợp lệ
4057,2,"78610589-1e8c-4054-bd22-dea291328efe",8,"2021-12-23 14:48:01",Thông báo dữ liệu hóa đơn hợp lệ
4058,2,"96c3c479-5d88-474b-9dd5-5697112f202f",8,"2021-12-23 14:48:01",Thông báo dữ liệu hóa đơn hợp lệ
4059,2,"5082d6e4-ef44-4a54-ac5c-62ce975d9e66",8,"2021-12-23 14:48:01",Thông báo dữ liệu hóa đơn hợp lệ
4061,2,fdb584ec-2b54-46df-bb49-43ec82f84626,8,"2021-12-23 14:48:02",Thông báo dữ liệu hóa đơn hợp lệ
4063,2,"0c0f3efc-5edc-4ff8-ac1c-d0bd6d2dbaf6",8,"2021-12-23 14:48:02",Thông báo dữ liệu hóa đơn hợp lệ
4064,2,b635384c-1d2a-4f27-9174-33b28e6f1250,8,"2021-12-23 14:48:02",Thông báo dữ liệu hóa đơn hợp lệ
4066,2,d3876337-3d9b-4db0-bca9-2235bf74a616,8,"2021-12-23 14:48:02",Thông báo dữ liệu hóa đơn hợp lệ
4068,2,d847c478-eca4-4c64-8986-119f99a9a819,8,"2021-12-23 14:48:02",Thông báo dữ liệu hóa đơn hợp lệ
4070,2,"6ed6755b-33fc-4a1d-a859-5d86126335e8",8,"2021-12-23 14:48:02",Thông báo dữ liệu hóa đơn hợp lệ
4072,2,"6dd41e1c-e625-4f10-aedb-10dadb1f42a2",8,"2021-12-23 14:48:02",Thông báo dữ liệu hóa đơn hợp lệ
4074,2,b025c57a-004d-400c-afd2-8a287ff62624,8,"2021-12-23 14:48:02",Thông báo dữ liệu hóa đơn hợp lệ
4076,2,"61eebe21-3406-4366-ba43-c3a397fb02fb",8,"2021-12-23 14:48:02",Thông báo dữ liệu hóa đơn hợp lệ
4089,2,"89f5e2f2-0f51-43c7-9722-613cdd57ad71",8,"2021-12-23 14:48:30",Thông báo dữ liệu hóa đơn hợp lệ
4090,2,"43745716-9c25-43d7-9fa8-f20f18ebddf7",8,"2021-12-23 14:48:30",Thông báo dữ liệu hóa đơn hợp lệ
4091,2,af812b3b-8827-4cbb-abde-d225f52158d9,8,"2021-12-23 14:48:30",Thông báo dữ liệu hóa đơn hợp lệ
4092,2,"3a94258a-54d4-48ce-9474-3519ed3e65b2",8,"2021-12-23 14:48:31",Thông báo dữ liệu hóa đơn hợp lệ
4093,2,"3df5682b-fa5a-455d-a11e-ff036ef766c7",8,"2021-12-23 14:48:31",Thông báo dữ liệu hóa đơn hợp lệ
4094,2,"67326305-de68-40e0-9bb0-eec50e7f51da",8,"2021-12-23 14:48:31",Thông báo dữ liệu hóa đơn hợp lệ
4095,2,c629e6ff-20b5-4e4c-8ce9-a3e0308379ee,8,"2021-12-23 14:48:31",Thông báo dữ liệu hóa đơn hợp lệ
4096,2,bdaa3c4e-e0ed-46a1-a155-f501429d4864,8,"2021-12-23 14:48:31",Thông báo dữ liệu hóa đơn hợp lệ
4097,2,"795aa233-54d3-42ae-b958-3e0190876c5b",8,"2021-12-23 14:48:31",Thông báo dữ liệu hóa đơn hợp lệ
4098,2,"1b82905a-38eb-42da-9938-47a242e86616",8,"2021-12-23 14:48:31",Thông báo dữ liệu hóa đơn hợp lệ
4099,2,"75aa6e6e-2aa9-413b-a876-95e60f7b65b4",8,"2021-12-23 14:48:31",Thông báo dữ liệu hóa đơn hợp lệ
4101,2,"5d44c9fd-fcbf-4f67-b7a1-3971438456d9",8,"2021-12-23 14:48:31",Thông báo dữ liệu hóa đơn hợp lệ
4104,2,"3037b402-c1cd-4920-8ae4-f6af1367908d",8,"2021-12-23 14:48:32",Thông báo dữ liệu hóa đơn hợp lệ
4108,2,c182df2d-02d5-4269-9b4e-2053b04ab967,8,"2021-12-23 14:48:32",Thông báo dữ liệu hóa đơn hợp lệ
4110,2,"49c8345a-558b-4388-82c6-7f30943fab98",8,"2021-12-23 14:48:32",Thông báo dữ liệu hóa đơn hợp lệ
4112,2,"926b8d3c-951d-4db8-a0ab-6e67524948e4",8,"2021-12-23 14:48:32",Thông báo dữ liệu hóa đơn hợp lệ
4114,2,de1d130a-c78e-46b1-af53-61cf8fdac6e4,8,"2021-12-23 14:48:32",Thông báo dữ liệu hóa đơn hợp lệ
4126,2,"0f341ec0-ce29-411c-b200-9f1f36091856",8,"2021-12-23 14:49:32",Thông báo dữ liệu hóa đơn hợp lệ
4127,2,"6f06d6cf-4a1b-4071-87aa-a430eb1174e6",8,"2021-12-23 14:49:32",Thông báo dữ liệu hóa đơn hợp lệ
4128,2,"636b60fe-c023-4966-b76e-4c9c0f5f60df",8,"2021-12-23 14:49:32",Thông báo dữ liệu hóa đơn hợp lệ
4129,2,b9e63f83-5539-4469-8c44-f56d76f3c5a5,8,"2021-12-23 14:49:33",Thông báo dữ liệu hóa đơn hợp lệ
4130,2,"607260f7-3f09-4c90-b064-17874b8005d0",8,"2021-12-23 14:49:00",Thông báo dữ liệu hóa đơn hợp lệ
4131,2,aed9dfcb-9418-410b-b88c-2196db8780a1,8,"2021-12-23 14:49:01",Thông báo dữ liệu hóa đơn hợp lệ
4132,2,"0cb88b85-d87f-4638-b1d1-353ae7ed839e",8,"2021-12-23 14:49:01",Thông báo dữ liệu hóa đơn hợp lệ
4133,2,e7a73c97-1e9f-4f7f-9341-df3a90d6cb77,8,"2021-12-23 14:49:01",Thông báo dữ liệu hóa đơn hợp lệ
4134,2,"2c64770e-780b-48c7-afa7-17d8fc6fa6ab",8,"2021-12-23 14:49:01",Thông báo dữ liệu hóa đơn hợp lệ
4135,2,"217eb653-5940-48d2-8442-afaf24d3147c",8,"2021-12-23 14:49:01",Thông báo dữ liệu hóa đơn hợp lệ
4136,2,"7261f46e-0e6b-4049-804b-38a8c0d647d0",8,"2021-12-23 14:49:01",Thông báo dữ liệu hóa đơn hợp lệ
4138,2,"168b38b1-52da-4b28-bba4-ac98952eb3c2",8,"2021-12-23 14:49:01",Thông báo dữ liệu hóa đơn hợp lệ
4140,2,a8cae566-7162-496d-bb62-6eee87bcd94c,8,"2021-12-23 14:49:01",Thông báo dữ liệu hóa đơn hợp lệ
4142,2,"9e11d2e9-115d-4b27-9e07-18b4bd0afa32",8,"2021-12-23 14:49:01",Thông báo dữ liệu hóa đơn hợp lệ
4144,2,b2c872c0-1f1e-4601-a451-7b31f2f0073b,8,"2021-12-23 14:49:02",Thông báo dữ liệu hóa đơn hợp lệ
4146,2,"66b7b499-41ee-4576-b172-11fe7982b023",8,"2021-12-23 14:49:02",Thông báo dữ liệu hóa đơn hợp lệ
4147,2,"7b4a4352-e557-4446-8f2f-12c56b91a89c",8,"2021-12-23 14:49:02",Thông báo dữ liệu hóa đơn hợp lệ
4149,2,"9841d32e-ff8c-4ab5-8dff-10afbcdf454e",8,"2021-12-23 14:49:02",Thông báo dữ liệu hóa đơn hợp lệ
4151,2,"1a899ad6-d71f-45bb-bc49-c60ebe7a94ef",8,"2021-12-23 14:49:02",Thông báo dữ liệu hóa đơn hợp lệ
4153,2,"455a3c49-1aa5-472f-8f18-1fad17fb7644",8,"2021-12-23 14:49:02",Thông báo dữ liệu hóa đơn hợp lệ
4165,2,"178ca930-dd14-4eaa-9c8a-6559ee119fad",8,"2021-12-23 14:49:02",Thông báo dữ liệu hóa đơn hợp lệ
4166,2,"3f90c258-fa12-4fc9-bd29-fcf26ad9e3a5",8,"2021-12-23 14:49:02",Thông báo dữ liệu hóa đơn hợp lệ
4167,2,"3874d1cd-2450-476e-a232-93149154bd30",8,"2021-12-23 14:49:02",Thông báo dữ liệu hóa đơn hợp lệ
4168,2,fe2993d3-bdfa-4f6a-88f6-f34368ca9eb6,8,"2021-12-23 14:49:03",Thông báo dữ liệu hóa đơn hợp lệ
4169,2,b8af4e33-1c16-4325-aafd-fd3fadf3f18a,8,"2021-12-23 14:49:30",Thông báo dữ liệu hóa đơn hợp lệ
4170,2,"7b3c2d83-4f3b-4823-995c-988ba64991cf",8,"2021-12-23 14:49:30",Thông báo dữ liệu hóa đơn hợp lệ
4171,2,d12639b1-3499-45b9-a775-bfb8800006cd,8,"2021-12-23 14:49:30",Thông báo dữ liệu hóa đơn hợp lệ
4172,2,cb681729-f591-4ec0-b9b9-7a3f87643fc8,8,"2021-12-23 14:49:31",Thông báo dữ liệu hóa đơn hợp lệ
4173,2,"9d4ea7cc-adc4-4f9a-b69d-0e12b6e1695b",8,"2021-12-23 14:49:31",Thông báo dữ liệu hóa đơn hợp lệ
4174,2,f3da617c-4e37-4209-bfd4-8ab92654cb42,8,"2021-12-23 14:49:31",Thông báo dữ liệu hóa đơn hợp lệ
4175,2,"0b7d51e3-a3ce-42fa-9f66-00894fe9ed14",8,"2021-12-23 14:49:31",Thông báo dữ liệu hóa đơn hợp lệ
4178,2,"9001f3df-7b3c-495c-8b21-9d95afdc3e97",8,"2021-12-23 14:49:31",Thông báo dữ liệu hóa đơn hợp lệ
4181,2,f2a5f68f-72dd-46d7-badd-df0b61abdba2,8,"2021-12-23 14:49:32",Thông báo dữ liệu hóa đơn hợp lệ
4182,2,"3ae41b69-fa5f-4481-b09b-c34d5a2ca008",8,"2021-12-23 14:49:32",Thông báo dữ liệu hóa đơn hợp lệ
4184,2,"9cfcc3c2-7cdf-46d1-8cf9-4fa1b1973895",8,"2021-12-23 14:49:32",Thông báo dữ liệu hóa đơn hợp lệ
4186,2,"058293f6-3762-42fd-a57f-3640f054ea6d",8,"2021-12-23 14:49:32",Thông báo dữ liệu hóa đơn hợp lệ
4188,2,b4f6c7cf-7c93-4473-adfc-e0ed9cd24272,8,"2021-12-23 14:49:32",Thông báo dữ liệu hóa đơn hợp lệ
4190,2,"93c39437-9eff-4746-8261-d355af7d802f",8,"2021-12-23 14:49:32",Thông báo dữ liệu hóa đơn hợp lệ
4203,2,cd290ee6-fe08-484c-b5f9-0e646bdfe062,8,"2021-12-23 14:50:00",Thông báo dữ liệu hóa đơn hợp lệ
4204,2,"4dcc7b46-c874-4b84-ba6e-fddca2fcbb94",8,"2021-12-23 14:50:00",Thông báo dữ liệu hóa đơn hợp lệ
4205,2,b9467147-b098-47b5-b031-ea01dba8cc93,8,"2021-12-23 14:50:00",Thông báo dữ liệu hóa đơn hợp lệ
4206,2,"450b0e3c-f9eb-478e-baf0-dea0a1c777ed",8,"2021-12-23 14:50:01",Thông báo dữ liệu hóa đơn hợp lệ
4207,2,"05d6709f-c061-4e0e-9938-7a610610ef98",8,"2021-12-23 14:50:01",Thông báo dữ liệu hóa đơn hợp lệ
4208,2,"449922e9-09d0-4e0e-8b4c-3d804544c194",8,"2021-12-23 14:50:01",Thông báo dữ liệu hóa đơn hợp lệ
4209,2,"12a34390-5bef-4512-8be1-22c7f0890083",8,"2021-12-23 14:50:01",Thông báo dữ liệu hóa đơn hợp lệ
4210,2,"875d450f-1c34-44e2-ac81-1190699ed154",8,"2021-12-23 14:50:01",Thông báo dữ liệu hóa đơn hợp lệ
4211,2,"38ac6788-e678-4c93-8869-fc6e65f91785",8,"2021-12-23 14:50:01",Thông báo dữ liệu hóa đơn hợp lệ
4212,2,"1e42c8d6-8205-412f-89e4-97408060cdc5",8,"2021-12-23 14:50:01",Thông báo dữ liệu hóa đơn hợp lệ
4213,2,ed7a2db0-f2ff-44e4-9e5d-c64537c71e49,8,"2021-12-23 14:50:02",Thông báo dữ liệu hóa đơn hợp lệ
4215,2,c8301d67-fe54-4ba6-a940-9c136df2f3c5,8,"2021-12-23 14:50:02",Thông báo dữ liệu hóa đơn hợp lệ
4217,2,f64dd876-8a8b-458f-8de1-d4ab3c2fb6fc,8,"2021-12-23 14:50:02",Thông báo dữ liệu hóa đơn hợp lệ
4219,2,"94582221-2712-472c-a3f5-a3fa9ed1c7ba",8,"2021-12-23 14:50:02",Thông báo dữ liệu hóa đơn hợp lệ
4221,2,ddb777ad-8ec1-4b46-9cb5-3c9bb1d0475a,8,"2021-12-23 14:50:02",Thông báo dữ liệu hóa đơn hợp lệ
4224,2,"0efff1d4-6595-46a0-9e9d-8c0e04845655",8,"2021-12-23 14:50:02",Thông báo dữ liệu hóa đơn hợp lệ
4226,2,f69078a1-1fe7-498b-8dcf-955220f168b5,8,"2021-12-23 14:50:02",Thông báo dữ liệu hóa đơn hợp lệ
4227,2,c1b6789a-ee8f-489b-afd5-e56f56105d3d,8,"2021-12-23 14:50:02",Thông báo dữ liệu hóa đơn hợp lệ
4230,2,"354a3fe8-5880-4dc6-94b1-b887b4879537",8,"2021-12-23 14:50:03",Thông báo dữ liệu hóa đơn hợp lệ
4232,2,"39084bf7-96c3-4d2b-8215-0388fb2d727d",8,"2021-12-23 14:50:03",Thông báo dữ liệu hóa đơn hợp lệ
4243,2,d424d5ed-7d31-429e-9366-a3fa4e3fd2bb,8,"2021-12-23 14:50:30",Thông báo dữ liệu hóa đơn hợp lệ
4244,2,cc1a0aa6-3594-42ed-a3bc-1c734a16fd8e,8,"2021-12-23 14:50:30",Thông báo dữ liệu hóa đơn hợp lệ
4245,2,"15c5df92-927d-4557-8706-04c707938b2c",8,"2021-12-23 14:50:30",Thông báo dữ liệu hóa đơn hợp lệ
4246,2,"3e7077a0-fcaf-4878-938a-aecfe6790515",8,"2021-12-23 14:50:31",Thông báo dữ liệu hóa đơn hợp lệ
4247,2,"9f5b7d00-de8b-48f2-9ae8-4864b1bf5ea9",8,"2021-12-23 14:50:31",Thông báo dữ liệu hóa đơn hợp lệ
4248,2,"5abc84f9-30bb-46dc-951d-2d7c5ddeedd9",8,"2021-12-23 14:50:31",Thông báo dữ liệu hóa đơn hợp lệ
4249,2,ceaeafd8-7e75-45bd-8dcd-44875435c157,8,"2021-12-23 14:50:31",Thông báo dữ liệu hóa đơn hợp lệ
4250,2,"1753e762-9ac4-4ccf-8a0a-8e2eabd85b2a",8,"2021-12-23 14:50:31",Thông báo dữ liệu hóa đơn hợp lệ
4251,2,"9a5c04c8-9cd6-4759-9b71-69b7ee6f2635",8,"2021-12-23 14:50:31",Thông báo dữ liệu hóa đơn hợp lệ
4252,2,"47c56638-6cb5-49e8-9c15-746c54b4ae68",8,"2021-12-23 14:50:31",Thông báo dữ liệu hóa đơn hợp lệ
4253,2,fa5795a1-eb71-4e95-9628-eb13b316300b,8,"2021-12-23 14:50:31",Thông báo dữ liệu hóa đơn hợp lệ
4255,2,d0986f4b-62f5-4c33-8ed0-e86b1bf85377,8,"2021-12-23 14:50:32",Thông báo dữ liệu hóa đơn hợp lệ
4257,2,"737eec7a-b37d-441b-8253-c8df0dab3298",8,"2021-12-23 14:50:32",Thông báo dữ liệu hóa đơn hợp lệ
4259,2,e2f73633-da1f-42bf-8b81-1689c0342395,8,"2021-12-23 14:50:32",Thông báo dữ liệu hóa đơn hợp lệ
4261,2,a91eb202-5785-4576-a27c-f2deefb8f916,8,"2021-12-23 14:50:32",Thông báo dữ liệu hóa đơn hợp lệ
4263,2,"052fec08-de46-45da-90bd-14172c97d593",8,"2021-12-23 14:50:32",Thông báo dữ liệu hóa đơn hợp lệ
4264,2,"30b3f49f-4e47-46b9-8dd5-9413c911c749",8,"2021-12-23 14:50:32",Thông báo dữ liệu hóa đơn hợp lệ
4266,2,f3b42aea-f5b2-41d9-bfd4-b2feb9440519,8,"2021-12-23 14:50:32",Thông báo dữ liệu hóa đơn hợp lệ
4268,2,ea5998e9-20e3-4ab1-8eaf-a58a3d6dc33a,8,"2021-12-23 14:50:33",Thông báo dữ liệu hóa đơn hợp lệ
4270,2,"80a2f9ca-cf31-4ecf-9921-28e0b0f8dc31",8,"2021-12-23 14:50:33",Thông báo dữ liệu hóa đơn hợp lệ
4282,2,"6fab0907-4417-4a37-9593-a95ff05c176d",8,"2021-12-23 14:51:00",Thông báo dữ liệu hóa đơn hợp lệ
4283,2,"6f07a63a-cd3c-4334-b825-dd4b0938a935",8,"2021-12-23 14:51:00",Thông báo dữ liệu hóa đơn hợp lệ
4284,2,"24f47355-6e7c-4965-b1f4-9a50b24f7d3a",8,"2021-12-23 14:51:01",Thông báo dữ liệu hóa đơn hợp lệ
4285,2,"22bc48be-eec3-40c4-b689-22e41077fcf8",8,"2021-12-23 14:51:01",Thông báo dữ liệu hóa đơn hợp lệ
4286,2,f0ed7d5e-8702-4176-a251-00f8768ae1b1,8,"2021-12-23 14:51:01",Thông báo dữ liệu hóa đơn hợp lệ
4287,2,b51cd3de-0ae6-4bf1-b0ba-5f60e37bcd35,8,"2021-12-23 14:51:01",Thông báo dữ liệu hóa đơn hợp lệ
4288,2,fb3d78f3-6fa2-40f6-a769-c4392cb857a0,8,"2021-12-23 14:51:01",Thông báo dữ liệu hóa đơn hợp lệ
4289,2,"683bac0e-cb58-4dc3-823b-81604789bae6",8,"2021-12-23 14:51:01",Thông báo dữ liệu hóa đơn hợp lệ
4290,2,"11194308-cc6f-4e09-8487-d1a6a685dc80",8,"2021-12-23 14:51:01",Thông báo dữ liệu hóa đơn hợp lệ
4291,2,d3ae0563-f9df-46d2-8f5f-9f0128cabbb7,8,"2021-12-23 14:51:02",Thông báo dữ liệu hóa đơn hợp lệ
4293,2,"2a6ca439-8a4a-44a5-a688-70173a02aec9",8,"2021-12-23 14:51:02",Thông báo dữ liệu hóa đơn hợp lệ
4295,2,"0c25cecd-8245-4860-85ee-a6935dba653d",8,"2021-12-23 14:51:02",Thông báo dữ liệu hóa đơn hợp lệ
4297,2,b37e815b-086b-4d3b-8290-217ef60b586a,8,"2021-12-23 14:51:02",Thông báo dữ liệu hóa đơn hợp lệ
4299,2,abbfe8bb-b87b-4c56-b631-07ec71e50922,8,"2021-12-23 14:51:02",Thông báo dữ liệu hóa đơn hợp lệ
4300,2,"642f1df8-84e7-4796-b831-94b21f580618",8,"2021-12-23 14:51:02",Thông báo dữ liệu hóa đơn hợp lệ
4302,2,"1d4904c9-de50-4d84-9728-ba6e117f87c2",8,"2021-12-23 14:51:02",Thông báo dữ liệu hóa đơn hợp lệ
4304,2,f348aa81-8ea1-4f49-933f-63757b2c2633,8,"2021-12-23 14:51:02",Thông báo dữ liệu hóa đơn hợp lệ
4306,2,"0437fb6a-4ca8-4357-8cad-e5efaf09e202",8,"2021-12-23 14:51:02",Thông báo dữ liệu hóa đơn hợp lệ
4307,2,"73dbcb26-f25a-4bba-8466-79c4ded67245",8,"2021-12-23 14:51:03",Thông báo dữ liệu hóa đơn hợp lệ
4321,2,de5e65f6-b1bf-4031-9285-eeb47ec5d1a4,8,"2021-12-23 14:51:30",Thông báo dữ liệu hóa đơn hợp lệ
4322,2,"1880b728-44be-4d6f-bd0f-45d1b3543784",8,"2021-12-23 14:51:30",Thông báo dữ liệu hóa đơn hợp lệ
4323,2,c4d7b846-5d5e-4cb6-92df-097f2188400e,8,"2021-12-23 14:51:31",Thông báo dữ liệu hóa đơn hợp lệ
4324,2,ca80370f-2b23-498a-b6d2-101115a5e5e4,8,"2021-12-23 14:51:31",Thông báo dữ liệu hóa đơn hợp lệ
4325,2,"5e89091c-810d-4d87-8bba-a6404df9bb4b",8,"2021-12-23 14:51:31",Thông báo dữ liệu hóa đơn hợp lệ
4326,2,d5a19edc-8227-4d31-8edb-cc5648978df9,8,"2021-12-23 14:51:31",Thông báo dữ liệu hóa đơn hợp lệ
4327,2,e1368093-f1e8-4f13-8a79-976f57098ad1,8,"2021-12-23 14:51:31",Thông báo dữ liệu hóa đơn hợp lệ
4328,2,"00a54129-50d8-4eaf-b8fd-b478f04b3236",8,"2021-12-23 14:51:31",Thông báo dữ liệu hóa đơn hợp lệ
4329,2,"84217e51-1c73-4074-8339-ba18e6eb3691",8,"2021-12-23 14:51:31",Thông báo dữ liệu hóa đơn hợp lệ
4330,2,"10dd63e6-4dd0-4df0-8918-c0fdc080860f",8,"2021-12-23 14:51:31",Thông báo dữ liệu hóa đơn hợp lệ
4331,2,"7386fe32-ecb5-4bfe-88fb-bea3c45e8564",8,"2021-12-23 14:51:32",Thông báo dữ liệu hóa đơn hợp lệ
4333,2,a48862f1-8a8b-458e-886a-aca6a9754487,8,"2021-12-23 14:51:32",Thông báo dữ liệu hóa đơn hợp lệ
4335,2,b9685fdd-11ab-4dab-b3b3-6419e83cf229,8,"2021-12-23 14:51:32",Thông báo dữ liệu hóa đơn hợp lệ
4337,2,"1675f5c7-53b9-45b9-8a75-569ea3999853",8,"2021-12-23 14:51:32",Thông báo dữ liệu hóa đơn hợp lệ
4339,2,"5273d1c2-11c6-4784-8412-c420616745d3",8,"2021-12-23 14:51:32",Thông báo dữ liệu hóa đơn hợp lệ
4341,2,"8f67a27b-61c0-4139-a70f-7689f1614a06",8,"2021-12-23 14:51:32",Thông báo dữ liệu hóa đơn hợp lệ
4343,2,"4e9ef9ef-074e-404b-b1ac-a5eecc60cb1f",8,"2021-12-23 14:51:32",Thông báo dữ liệu hóa đơn hợp lệ
4345,2,"850b9283-8bf3-465e-966d-fbaa4c634a19",8,"2021-12-23 14:51:32",Thông báo dữ liệu hóa đơn hợp lệ
4347,2,"337d384d-c288-4346-9d9a-fff2507c64b4",8,"2021-12-23 14:51:33",Thông báo dữ liệu hóa đơn hợp lệ
4349,2,"5d8ca7d3-c415-40a8-94f4-fc487f6a31fc",8,"2021-12-23 14:51:33",Thông báo dữ liệu hóa đơn hợp lệ
4361,2,"0cdfe404-72a7-4fca-a31d-94c39ab7ec30",8,"2021-12-23 14:52:00",Thông báo dữ liệu hóa đơn hợp lệ
4362,2,"33375507-ed88-463f-aa69-8e89db4408d3",8,"2021-12-23 14:52:00",Thông báo dữ liệu hóa đơn hợp lệ
4363,2,d1bd557b-9d79-4dda-be13-61b5378af52a,8,"2021-12-23 14:52:00",Thông báo dữ liệu hóa đơn hợp lệ
4364,2,d77eb96b-683a-4de0-a7b3-64ad4e2ab1f0,8,"2021-12-23 14:52:01",Thông báo dữ liệu hóa đơn hợp lệ
4365,2,cacb42b2-f43c-4b01-9402-592daf584f95,8,"2021-12-23 14:52:01",Thông báo dữ liệu hóa đơn hợp lệ
4366,2,"6040fbd9-4490-47e4-afe7-86a0c47ec4cc",8,"2021-12-23 14:52:01",Thông báo dữ liệu hóa đơn hợp lệ
4367,2,"7cbdd6cd-3d2e-485c-8c25-f6bc89d61711",8,"2021-12-23 14:52:01",Thông báo dữ liệu hóa đơn hợp lệ
4368,2,"7e21671a-3b3f-44bc-8652-c64026590519",8,"2021-12-23 14:52:01",Thông báo dữ liệu hóa đơn hợp lệ
4369,2,b06b5086-e5a3-4e9d-8426-417b35d81da9,8,"2021-12-23 14:52:01",Thông báo dữ liệu hóa đơn hợp lệ
4370,2,"2bec787d-b564-4b86-8599-4ff1f3422748",8,"2021-12-23 14:52:01",Thông báo dữ liệu hóa đơn hợp lệ
4371,2,"46d11fca-fa55-4f01-85ac-a281fbd9a2c7",8,"2021-12-23 14:52:02",Thông báo dữ liệu hóa đơn hợp lệ
4373,2,"62d1eb07-492d-4c0a-a96a-ee1671d63766",8,"2021-12-23 14:52:02",Thông báo dữ liệu hóa đơn hợp lệ
4376,2,"37c5f23e-a59e-45c5-97af-b9ee55d311e4",8,"2021-12-23 14:52:02",Thông báo dữ liệu hóa đơn hợp lệ
4378,2,"157d44a5-ad96-4d39-9732-77d4f67b204d",8,"2021-12-23 14:52:02",Thông báo dữ liệu hóa đơn hợp lệ
4380,2,e04f9d36-2d69-43b1-973e-efebd20f1049,8,"2021-12-23 14:52:02",Thông báo dữ liệu hóa đơn hợp lệ
4382,2,"6b946087-0397-4a88-a56a-dd4475cfdbb3",8,"2021-12-23 14:52:02",Thông báo dữ liệu hóa đơn hợp lệ
4384,2,"01d372b3-453e-480a-9f80-c90f5ae78aed",8,"2021-12-23 14:52:02",Thông báo dữ liệu hóa đơn hợp lệ
4385,2,"7c96dd17-8f0f-45f5-8687-4066c24b390f",8,"2021-12-23 14:52:02",Thông báo dữ liệu hóa đơn hợp lệ
4387,2,f348fb78-4650-4da9-8854-6787121b428e,8,"2021-12-23 14:52:02",Thông báo dữ liệu hóa đơn hợp lệ
4389,2,d2f1e982-a1e7-43ef-83e7-2f5177515541,8,"2021-12-23 14:52:02",Thông báo dữ liệu hóa đơn hợp lệ
4401,2,"6bdbe32f-3520-4919-a029-ece8534e3498",8,"2021-12-23 14:52:30",Thông báo dữ liệu hóa đơn hợp lệ
4402,2,"3e97d23b-752f-4638-b4d6-873d8712648d",8,"2021-12-23 14:52:30",Thông báo dữ liệu hóa đơn hợp lệ
4403,2,a747ba57-f135-40be-a41b-113394622ad3,8,"2021-12-23 14:52:30",Thông báo dữ liệu hóa đơn hợp lệ
4404,2,"94c6a2cc-8749-4093-8ee9-9cea6b60c9c5",8,"2021-12-23 14:52:31",Thông báo dữ liệu hóa đơn hợp lệ
4405,2,"6f5657db-fd1a-48f2-8de2-ff1feb71bc0e",8,"2021-12-23 14:52:31",Thông báo dữ liệu hóa đơn hợp lệ
4406,2,bd841cc7-ef48-4d83-b051-c48cb87afd2d,8,"2021-12-23 14:52:31",Thông báo dữ liệu hóa đơn hợp lệ
4407,2,"5d93382b-1c01-498d-8603-7bc897ea99b6",8,"2021-12-23 14:52:31",Thông báo dữ liệu hóa đơn hợp lệ
4408,2,efbf9784-d0a2-49d2-b161-b1ee73e54329,8,"2021-12-23 14:52:31",Thông báo dữ liệu hóa đơn hợp lệ
4409,2,"37c0a437-cb48-418c-8c53-8b782088654d",8,"2021-12-23 14:52:31",Thông báo dữ liệu hóa đơn hợp lệ
4410,2,"848f6dbc-fda5-491a-9a09-4fcb228d7744",8,"2021-12-23 14:52:31",Thông báo dữ liệu hóa đơn hợp lệ
4411,2,"360b11df-cf28-48df-a84f-bbd9439c4d8d",8,"2021-12-23 14:52:31",Thông báo dữ liệu hóa đơn hợp lệ
4413,2,b35d5fc8-336f-4522-9e9c-ee13dc390484,8,"2021-12-23 14:52:32",Thông báo dữ liệu hóa đơn hợp lệ
4415,2,"67840067-8db4-4711-a256-d66003696ade",8,"2021-12-23 14:52:32",Thông báo dữ liệu hóa đơn hợp lệ
4417,2,"4b51dc6a-1e50-497f-bc21-fd7c2fd07eaa",8,"2021-12-23 14:52:32",Thông báo dữ liệu hóa đơn hợp lệ
4419,2,"940ec701-04b7-4c64-88c1-a99e48604b00",8,"2021-12-23 14:52:32",Thông báo dữ liệu hóa đơn hợp lệ
4421,2,cca774f0-b834-439d-ae24-ad6dcab4b9ce,8,"2021-12-23 14:52:32",Thông báo dữ liệu hóa đơn hợp lệ
4423,2,"04eae9d0-2da9-45f9-9437-f0c3aff26fe8",8,"2021-12-23 14:52:32",Thông báo dữ liệu hóa đơn hợp lệ
4426,2,"97b87d7b-860d-4ea9-aebc-8ef7ae564e54",8,"2021-12-23 14:52:32",Thông báo dữ liệu hóa đơn hợp lệ
4428,2,"5dcc8a8d-6921-4ab0-81e8-0fcf785a62bb",8,"2021-12-23 14:52:33",Thông báo dữ liệu hóa đơn hợp lệ
4440,2,d9c51c21-7199-4fc0-b843-09ac3e3eaaa3,8,"2021-12-23 14:53:01",Thông báo dữ liệu hóa đơn hợp lệ
4441,2,f3de5020-c555-408a-94f1-c8035388626b,8,"2021-12-23 14:53:01",Thông báo dữ liệu hóa đơn hợp lệ
4442,2,"6ac5d17a-d103-497c-a982-bf3f63d0b4ec",8,"2021-12-23 14:53:01",Thông báo dữ liệu hóa đơn hợp lệ
4443,2,"4923d3c9-b1db-4d8d-8557-94bb04e41a2d",8,"2021-12-23 14:53:01",Thông báo dữ liệu hóa đơn hợp lệ
4444,2,"0f5f45c6-5f95-4b01-9bfb-478fc57300a5",8,"2021-12-23 14:53:01",Thông báo dữ liệu hóa đơn hợp lệ
4445,2,"3d28cc22-54a0-4712-8d69-5ce9da1889b3",8,"2021-12-23 14:53:02",Thông báo dữ liệu hóa đơn hợp lệ
4446,2,e49641fc-a31a-4ebc-933b-72f35c897959,8,"2021-12-23 14:53:02",Thông báo dữ liệu hóa đơn hợp lệ
4447,2,"7e4aadda-f0ae-4ee1-a830-4b5097bbfbf3",8,"2021-12-23 14:53:02",Thông báo dữ liệu hóa đơn hợp lệ
4448,2,"12bdfeba-b629-4e37-9dc3-7c0370d1847e",8,"2021-12-23 14:53:02",Thông báo dữ liệu hóa đơn hợp lệ
4449,2,bc0cffbf-d330-4d3d-a739-25c68705324f,8,"2021-12-23 14:53:02",Thông báo dữ liệu hóa đơn hợp lệ
4451,2,"1af17dcf-8464-4ae8-8ef6-91fd62912720",8,"2021-12-23 14:53:02",Thông báo dữ liệu hóa đơn hợp lệ
4453,2,d1000888-967a-4c0e-ba0d-d889319840d3,8,"2021-12-23 14:53:02",Thông báo dữ liệu hóa đơn hợp lệ
4455,2,"7f6fa132-f717-4250-9117-149f7195fd65",8,"2021-12-23 14:53:02",Thông báo dữ liệu hóa đơn hợp lệ
4457,2,"49cab3b6-696f-42f4-b078-ad7e4b67fd77",8,"2021-12-23 14:53:03",Thông báo dữ liệu hóa đơn hợp lệ
4459,2,"92c86667-73b4-4841-b8dd-693afaf40556",8,"2021-12-23 14:53:03",Thông báo dữ liệu hóa đơn hợp lệ
4461,2,bb445676-03b3-4f2c-8082-62333da0e554,8,"2021-12-23 14:53:30",Thông báo dữ liệu hóa đơn hợp lệ
4463,2,"1a4cdba3-fad5-4d55-914e-9d61d96502fb",8,"2021-12-23 14:53:30",Thông báo dữ liệu hóa đơn hợp lệ
4465,2,d28ea93d-2a0e-4d37-83ba-92005b118f88,8,"2021-12-23 14:53:30",Thông báo dữ liệu hóa đơn hợp lệ
4478,2,b27cffa0-e5b8-4551-bc49-341f502a42a1,8,"2021-12-23 14:53:31",Thông báo dữ liệu hóa đơn hợp lệ
4479,2,"848e5758-2f33-4b61-a0c1-21e5c2ad9e0c",8,"2021-12-23 14:53:31",Thông báo dữ liệu hóa đơn hợp lệ
4480,2,"33f8d583-f1df-4627-9148-7a97ee7e67fb",8,"2021-12-23 14:53:31",Thông báo dữ liệu hóa đơn hợp lệ
4481,2,"9be03395-1b51-40ad-8a4b-cfe3bc3fc778",8,"2021-12-23 14:53:31",Thông báo dữ liệu hóa đơn hợp lệ
4482,2,a756261d-967b-4d32-b978-5715e7e01cac,8,"2021-12-23 14:53:31",Thông báo dữ liệu hóa đơn hợp lệ
4483,2,ca4ceded-aeb8-4dc4-9fb1-6c92ab0cf01a,8,"2021-12-23 14:53:31",Thông báo dữ liệu hóa đơn hợp lệ
4484,2,"6deaf7d5-3f75-4b9e-8f36-9e5833669491",8,"2021-12-23 14:53:31",Thông báo dữ liệu hóa đơn hợp lệ
4485,2,"28c736e9-9165-42e0-a32b-ac3b8396f4a3",8,"2021-12-23 14:53:31",Thông báo dữ liệu hóa đơn hợp lệ
4486,2,"2baa14b2-1a9b-45f2-a082-4d58f607c8ff",8,"2021-12-23 14:53:32",Thông báo dữ liệu hóa đơn hợp lệ
4487,2,"7a8c495e-4784-40d9-b4b1-794049344f1a",8,"2021-12-23 14:53:32",Thông báo dữ liệu hóa đơn hợp lệ
4490,2,bb9a24e6-48bf-4186-b788-187728007147,8,"2021-12-23 14:53:32",Thông báo dữ liệu hóa đơn hợp lệ
4492,2,c6cdcdae-d156-4536-bbc1-721767c04c9a,8,"2021-12-23 14:53:32",Thông báo dữ liệu hóa đơn hợp lệ
4494,2,"5be82021-e883-44fc-b52a-b44b1628af0b",8,"2021-12-23 14:53:32",Thông báo dữ liệu hóa đơn hợp lệ
4496,2,fdadf191-3d3e-458c-a11c-5e46d385452b,8,"2021-12-23 14:53:32",Thông báo dữ liệu hóa đơn hợp lệ
4497,2,"9cfd55f5-11f3-4326-8459-864cb89e51d9",8,"2021-12-23 14:53:32",Thông báo dữ liệu hóa đơn hợp lệ
4499,2,"3b10e11f-4a52-4945-b04a-7cf16dfadbdd",8,"2021-12-23 14:53:32",Thông báo dữ liệu hóa đơn hợp lệ
4501,2,"569c6f07-1580-4cd0-82a3-ea278de7333b",8,"2021-12-23 14:53:33",Thông báo dữ liệu hóa đơn hợp lệ
4503,2,"18d6e8e8-ef9d-4971-b9ef-3c5568255ec2",8,"2021-12-23 14:53:00",Thông báo dữ liệu hóa đơn hợp lệ
4516,2,"73b25985-1dde-497d-809f-fa2c1b45edfe",8,"2021-12-23 14:53:01",Thông báo dữ liệu hóa đơn hợp lệ
4517,2,"8d790e5f-01eb-4f0a-b03b-b9383bf7e817",8,"2021-12-23 14:53:00",Thông báo dữ liệu hóa đơn hợp lệ
4518,2,"741cd0b6-a67e-496c-9e1b-8cc3ecca111f",8,"2021-12-23 14:53:00",Thông báo dữ liệu hóa đơn hợp lệ
4519,2,"7aec56b4-64df-4050-ac09-142b753ee56c",8,"2021-12-23 14:53:00",Thông báo dữ liệu hóa đơn hợp lệ
4520,2,b15b70cb-c5fa-4cd7-8358-8a9da9ea180c,8,"2021-12-23 14:54:00",Thông báo dữ liệu hóa đơn hợp lệ
4521,2,"1e2310c2-2ed2-4ad9-8682-0e9b31c5dbfb",8,"2021-12-23 14:54:00",Thông báo dữ liệu hóa đơn hợp lệ
4522,2,e7cf106c-7863-4ce9-8d1a-af003eb50587,8,"2021-12-23 14:54:00",Thông báo dữ liệu hóa đơn hợp lệ
4523,2,d243e362-c019-4988-aabf-94de9c7404ca,8,"2021-12-23 14:54:01",Thông báo dữ liệu hóa đơn hợp lệ
4524,2,"05ff14d5-8739-4201-9ba1-b068fa899bad",8,"2021-12-23 14:54:01",Thông báo dữ liệu hóa đơn hợp lệ
4525,2,"88bf6385-f14f-4179-aa8e-378219ad79dc",8,"2021-12-23 14:54:01",Thông báo dữ liệu hóa đơn hợp lệ
4526,2,"8286380f-f433-4f4b-be16-8a5aedcbc6a0",8,"2021-12-23 14:54:01",Thông báo dữ liệu hóa đơn hợp lệ
4528,2,"3c650449-cf98-4660-8246-8932570c5eff",8,"2021-12-23 14:54:01",Thông báo dữ liệu hóa đơn hợp lệ
4530,2,b481a5a0-bf80-42da-8b9d-edb9597de2d0,8,"2021-12-23 14:54:01",Thông báo dữ liệu hóa đơn hợp lệ
4532,2,"54ffced6-9650-4ba5-a656-6f17ff15369f",8,"2021-12-23 14:54:01",Thông báo dữ liệu hóa đơn hợp lệ
4534,2,aa750131-e81c-4d57-b27f-66bb6d4dbf29,8,"2021-12-23 14:54:01",Thông báo dữ liệu hóa đơn hợp lệ
4536,2,e0d4c850-882b-4d4b-b52e-1f3556479035,8,"2021-12-23 14:54:02",Thông báo dữ liệu hóa đơn hợp lệ
4538,2,acd348ea-a8e7-427f-84a3-955a6bbcdc12,8,"2021-12-23 14:54:02",Thông báo dữ liệu hóa đơn hợp lệ
4541,2,"69c59025-f0f8-49cb-9f07-c60b0d262844",8,"2021-12-23 14:54:02",Thông báo dữ liệu hóa đơn hợp lệ
4543,2,"93e35df9-57d9-4baf-891f-2dee4f0addf4",8,"2021-12-23 14:54:02",Thông báo dữ liệu hóa đơn hợp lệ
4545,2,"0b1165d9-9eac-4109-ac27-9dd86bbae9f6",8,"2021-12-23 14:54:02",Thông báo dữ liệu hóa đơn hợp lệ
4556,2,"9b6d19e8-e14f-491b-a7d8-799f2be66e8b",8,"2021-12-23 14:54:02",Thông báo dữ liệu hóa đơn hợp lệ
4557,2,"201f52e6-1d46-4bb4-a9e4-cfa32c21872e",8,"2021-12-23 14:54:02",Thông báo dữ liệu hóa đơn hợp lệ
4558,2,"709627b3-914c-4089-bf96-2019b27345e2",8,"2021-12-23 14:54:02",Thông báo dữ liệu hóa đơn hợp lệ
4559,2,"87a97bc5-cd65-44f9-b1d0-62b15299ede8",8,"2021-12-23 14:54:02",Thông báo dữ liệu hóa đơn hợp lệ
4560,2,"1620834c-9da4-4a3c-ae17-8457d73ec47d",8,"2021-12-23 14:54:30",Thông báo dữ liệu hóa đơn hợp lệ
4561,2,"37e2bb94-efd9-4349-9278-d9d7751f9b96",8,"2021-12-23 14:54:30",Thông báo dữ liệu hóa đơn hợp lệ
4562,2,"080cd9cf-a4fa-49fb-8d60-1e0f624f1bb6",8,"2021-12-23 14:54:30",Thông báo dữ liệu hóa đơn hợp lệ
4563,2,a9f41de0-b5b2-4c93-bcba-26b6128a93ca,8,"2021-12-23 14:54:30",Thông báo dữ liệu hóa đơn hợp lệ
4564,2,a5f3a01b-6198-4f8c-b5c4-9c384d793c32,8,"2021-12-23 14:54:31",Thông báo dữ liệu hóa đơn hợp lệ
4565,2,"306bdaa3-155b-405f-b1fa-51bb03151888",8,"2021-12-23 14:54:31",Thông báo dữ liệu hóa đơn hợp lệ
4566,2,"47271cab-dfc6-429a-83a3-239d3e7930b0",8,"2021-12-23 14:54:31",Thông báo dữ liệu hóa đơn hợp lệ
4568,2,cece8c54-6e00-4871-8255-920700742360,8,"2021-12-23 14:54:31",Thông báo dữ liệu hóa đơn hợp lệ
4570,2,ab625a58-6d4d-4c8f-a6c6-207588057ec4,8,"2021-12-23 14:54:31",Thông báo dữ liệu hóa đơn hợp lệ
4572,2,"0603a54f-a06c-45fb-8aad-f8485446e460",8,"2021-12-23 14:54:31",Thông báo dữ liệu hóa đơn hợp lệ
4574,2,d4e1c52e-edb1-4aae-b66e-61d57b95d6bb,8,"2021-12-23 14:54:31",Thông báo dữ liệu hóa đơn hợp lệ
4576,2,"78388651-2e81-45e4-9c97-dcf5998a1666",8,"2021-12-23 14:54:32",Thông báo dữ liệu hóa đơn hợp lệ
4579,2,dc57c5ac-4311-4287-a021-659d64c53c01,8,"2021-12-23 14:54:32",Thông báo dữ liệu hóa đơn hợp lệ
4581,2,"8df9d1aa-349a-41cd-b46f-06e62d95070b",8,"2021-12-23 14:54:32",Thông báo dữ liệu hóa đơn hợp lệ
4582,2,f92ad209-20c1-466c-a9aa-a80bbb8ecec2,8,"2021-12-23 14:54:32",Thông báo dữ liệu hóa đơn hợp lệ
4584,2,f8899477-25ae-402c-be3b-969893e47ded,8,"2021-12-23 14:54:32",Thông báo dữ liệu hóa đơn hợp lệ
4596,2,"5246c974-cd88-4a86-8b34-ed10cc8a360e",8,"2021-12-23 14:54:32",Thông báo dữ liệu hóa đơn hợp lệ
4597,2,"3884902a-76ae-451b-bacb-6b1d437b0749",8,"2021-12-23 14:54:32",Thông báo dữ liệu hóa đơn hợp lệ
4598,2,"89c300a9-6598-4b98-bf83-c658d373a587",8,"2021-12-23 14:54:32",Thông báo dữ liệu hóa đơn hợp lệ
4599,2,"6b059feb-e635-4aa3-bacc-9070f4703436",8,"2021-12-23 14:54:32",Thông báo dữ liệu hóa đơn hợp lệ
4600,2,"51158300-4f3e-4ab5-ad84-920964a92b98",8,"2021-12-23 14:55:00",Thông báo dữ liệu hóa đơn hợp lệ
4601,2,"8169b95f-279c-4b19-ac51-7779e72a4b00",8,"2021-12-23 14:55:00",Thông báo dữ liệu hóa đơn hợp lệ
4602,2,"4dee6f8f-a7b2-4ccf-8527-803883bce54b",8,"2021-12-23 14:55:00",Thông báo dữ liệu hóa đơn hợp lệ
4603,2,"34ea1735-bf1a-4862-a531-6e36ac40425d",8,"2021-12-23 14:55:01",Thông báo dữ liệu hóa đơn hợp lệ
4604,2,"2faf15e3-228d-4efe-9323-1112b91b8926",8,"2021-12-23 14:55:01",Thông báo dữ liệu hóa đơn hợp lệ
4605,2,e08168f3-3130-4fda-b48c-6c084fb6dfcc,8,"2021-12-23 14:55:01",Thông báo dữ liệu hóa đơn hợp lệ
4606,2,"9fb4c8d1-b0c2-4e76-918f-adfa78047d3e",8,"2021-12-23 14:55:01",Thông báo dữ liệu hóa đơn hợp lệ
4608,2,"30fcc77b-b790-4043-af7f-b4caccca6c28",8,"2021-12-23 14:55:01",Thông báo dữ liệu hóa đơn hợp lệ
4610,2,d3619e97-55f8-40d6-9685-f406851c4652,8,"2021-12-23 14:55:01",Thông báo dữ liệu hóa đơn hợp lệ
4612,2,"15446929-b9bb-4240-9947-464b71c6edb0",8,"2021-12-23 14:55:01",Thông báo dữ liệu hóa đơn hợp lệ
4614,2,fd976e5f-0ba5-4586-870f-b31d01fcadf7,8,"2021-12-23 14:55:01",Thông báo dữ liệu hóa đơn hợp lệ
4616,2,"9f1853aa-4e61-4642-b0bc-bde61147e7a1",8,"2021-12-23 14:55:01",Thông báo dữ liệu hóa đơn hợp lệ
4618,2,de91e64f-b4d8-496f-9403-d5dca60d7fbb,8,"2021-12-23 14:55:02",Thông báo dữ liệu hóa đơn hợp lệ
4619,2,"8fca2d2f-3eb7-413a-822c-90eef8cd80ce",8,"2021-12-23 14:55:02",Thông báo dữ liệu hóa đơn hợp lệ
4621,2,"5716872b-8043-415f-8ae1-977741033de4",8,"2021-12-23 14:55:02",Thông báo dữ liệu hóa đơn hợp lệ
4623,2,"1bdcdbdb-0526-4177-a82b-4ded0b1a0a6e",8,"2021-12-23 14:55:02",Thông báo dữ liệu hóa đơn hợp lệ
4636,2,d20b186e-bd26-43c3-af41-00e6f63974e8,8,"2021-12-23 14:55:02",Thông báo dữ liệu hóa đơn hợp lệ
4637,2,f43e7c8c-1b1e-426a-9409-fd2e66919be5,8,"2021-12-23 14:55:02",Thông báo dữ liệu hóa đơn hợp lệ
4638,2,"58b2f2e2-902e-43b2-a040-6b0d24599860",8,"2021-12-23 14:55:02",Thông báo dữ liệu hóa đơn hợp lệ
4639,2,"9dca43dd-0f6a-4552-afd8-2bae119dc4ce",8,"2021-12-23 14:55:02",Thông báo dữ liệu hóa đơn hợp lệ
4640,2,"242226d0-70f2-4768-a500-25d3437b5446",8,"2021-12-23 14:55:30",Thông báo dữ liệu hóa đơn hợp lệ
4641,2,"19fe701b-adeb-4956-a675-5ccae50585b7",8,"2021-12-23 14:55:30",Thông báo dữ liệu hóa đơn hợp lệ
4642,2,d1c28b28-ac7a-499f-b6b8-4759be06d0d5,8,"2021-12-23 14:55:30",Thông báo dữ liệu hóa đơn hợp lệ
4643,2,f785fb78-4941-415b-85ab-c017466ad085,8,"2021-12-23 14:55:31",Thông báo dữ liệu hóa đơn hợp lệ
4644,2,"6e6d5ff5-10e6-4a78-bec6-67caec0fc576",8,"2021-12-23 14:55:31",Thông báo dữ liệu hóa đơn hợp lệ
4645,2,"0aca3424-6d37-4540-8fba-165bc8c8f875",8,"2021-12-23 14:55:31",Thông báo dữ liệu hóa đơn hợp lệ
